success,error_message,r027_case_id,target_label,objective,policy,source_policy,policy_kind,policy_role,online_available_inputs_only,objective_alpha_settle,target_load_A,load_drop_A,selected_ref_slew_us,realized_ref_slew_us_in_offline_grid,tau_ai_us,delay_events,ref_start_delay_us,delay_mode,offline_objective_score,offline_regret_vs_oracle,offline_undershoot_mV,offline_settle_time_us,offline_skip_count_est,offline_phase_std_ns,vout_initial_V,vout_peak_V,vout_min_V,overshoot_mV,undershoot_mV,t_peak_us,settle_time_us,first_gate_edge_us,max_gate_gap_us,skip_count_est,final_vout_error_mV,final_il1_mean_A,final_il2_mean_A,final_il3_mean_A,final_il4_mean_A,final_il_total_mean_A,final_load_error_A,final_il_phase_imbalance_A,final_il_m2_projection_A,final_phase_spacing_mean_ns,final_phase_spacing_std_ns,final_phase_sequence_error_fraction,base_score,score_settle005,score_settle010,selected_objective_score,switching_regret_vs_best_in_run,chunk_file,chunk_order,switching_regret_priority,offline_regret_within_priority,priority_row
1,,R027_0036,10A,score_settle005,fixed_40us_precommitted,fixed,fixed,baseline,1,0.05,10.0,30.0,40,40,0.0,0,0.0,precommitted,10.2618400627844,0.253761990440799,5.01028636671008,17.534,1,91.29556151628,0.99951236273925,1.00419623534961,0.99498971363329,4.19623534961322,5.01028636671008,1.01000000000002,17.534,2.9080000000035,1.03199999999999,1,-0.54894246574877,2.37466604348003,2.45483291477991,2.69493044113661,2.4994972774893,10.0239266768859,0.0239266768858588,0.320264397656583,0.0288165730868561,576.666666666458,91.29556151628,0,9.38514006278445,10.2618400627845,11.1385400627845,10.2618400627845,0.253761990440807,iqcot_r027_proxy_table_in_loop_results_priority.csv,0,0.25376199044089987,0.2537619904407986,1
1,,R027_0037,10A,score_settle005,fixed_80us_precommitted,fixed,fixed,baseline,1,0.05,10.0,30.0,80,80,0.0,0,0.0,precommitted,10.5393457609743,0.531267688630699,4.63087064829415,34.286,1,82.1829076099372,0.99951236273925,1.00419623534961,0.995369129351706,4.19623534961322,4.63087064829415,1.01000000000002,34.286,2.8800000000035,0.945999999999987,1,-0.550516960481362,2.39971732104839,2.40488149094562,2.57604365410199,2.62676660474745,10.0074090708435,0.0074090708434528,0.227049283699064,-0.0139717801356751,574.969696969905,82.1829076099372,0,8.82504576097426,10.5393457609743,12.2536457609743,10.5393457609743,0.531267688630612,iqcot_r027_proxy_table_in_loop_results_priority.csv,0,0.5312676886306988,0.5312676886306988,2
1,,R027_0038,10A,score_settle005,discrete_dense_long_table,discrete_dense_long_table,lookup_table,deployable_baseline,1,0.05,10.0,30.0,50,50,0.0,0,0.0,commit_after_tau_ai,10.0080780723436,0.0,4.84748739227403,20.5380000000001,1,79.7841311007952,0.99951236273925,1.00419623534961,0.995152512607726,4.19623534961322,4.84748739227403,1.01000000000002,20.5380000000001,2.89600000000353,0.980000000000035,1,-0.538008058053707,2.5088668738986,2.34594527052163,2.69686059652504,2.49013459820067,10.0418073391459,0.0418073391459366,0.350915326003411,0.0924119004253341,579.151515151307,79.7841311007952,0,8.98117807234364,10.0080780723436,11.0349780723436,10.0080780723436,0.0,iqcot_r027_proxy_table_in_loop_results_priority.csv,0,0.0,0.0,3
1,,R027_0039,10A,score_settle005,calibrated_risk_proxy_projection,calibrated_risk_proxy_projection,proxy_projection,deployable_candidate,1,0.05,10.0,30.0,62,62,0.0,0,0.0,commit_after_tau_ai,10.3630835522926,0.355005479949023,4.73912126375797,27.3860000000001,1,85.3659235830467,0.99951236273925,1.00419623534961,0.995260878736242,4.19623534961322,4.73912126375797,1.01000000000002,27.3860000000001,2.88800000000351,0.973999999999994,1,-0.547343816873713,2.3651062751122,2.33621622248247,2.66999310566375,2.61316086697413,9.98447647023255,-0.0155235297674512,0.333776883181276,0.0214305728298367,580.181818181609,85.3659235830467,0,8.99378355229262,10.3630835522926,11.7323835522926,10.3630835522926,0.355005479948977,iqcot_r027_proxy_table_in_loop_results_priority.csv,0,0.3550054799489999,0.3550054799489999,4
1,,R027_0040,10A,score_settle005,near_opt_band_clipping,near_opt_band_clipping,band_projection,offline_comparator,0,0.05,10.0,30.0,34,34,0.0,0,0.0,commit_after_tau_ai,10.2169649805478,0.208886908204216,5.14617078943369,15.2280000000001,1,88.0342564174254,0.99951236273925,1.00419623534961,0.994853829210566,4.19623534961322,5.14617078943369,1.01000000000002,15.2280000000001,2.9180000000035,1.13400000000344,1,-0.548709062765607,2.43542662240464,2.45538449223852,2.63088257951838,2.47357412435371,9.99526781851525,-0.0047321814847531,0.195455957113739,0.0343376463326944,575.69696969697,88.0342564174254,0,9.45556498054781,10.2169649805478,10.9783649805478,10.2169649805478,0.208886908204162,iqcot_r027_proxy_table_in_loop_results_priority.csv,0,0.20888690820419953,0.20888690820419953,5
1,,R027_0041,10A,score_settle005,posterior_mode_aware_projection,posterior_mode_aware_projection,posterior_projection,posterior_upper_bound,0,0.05,10.0,30.0,50,50,0.0,0,0.0,commit_after_tau_ai,10.0080780723436,0.0,4.84748739227403,20.5380000000001,1,79.7841311007952,0.99951236273925,1.00419623534961,0.995152512607726,4.19623534961322,4.84748739227403,1.01000000000002,20.5380000000001,2.89600000000353,0.980000000000035,1,-0.538008058053707,2.5088668738986,2.34594527052163,2.69686059652504,2.49013459820067,10.0418073391459,0.0418073391459366,0.350915326003411,0.0924119004253341,579.151515151307,79.7841311007952,0,8.98117807234364,10.0080780723436,11.0349780723436,10.0080780723436,0.0,iqcot_r027_proxy_table_in_loop_results_priority.csv,0,0.0,0.0,6
1,,R027_0043,10A,score_settle005,fixed_40us_precommitted,fixed,fixed,baseline,1,0.05,10.0,30.0,40,40,0.5,1,0.0,precommitted,10.2618400627844,0.253761990440799,5.01028636671008,17.534,1,91.29556151628,0.99951236273925,1.00419623534961,0.99498971363329,4.19623534961322,5.01028636671008,1.01000000000002,17.534,2.9080000000035,1.03199999999999,1,-0.54894246574877,2.37466604348003,2.45483291477991,2.69493044113661,2.4994972774893,10.0239266768859,0.0239266768858588,0.320264397656583,0.0288165730868561,576.666666666458,91.29556151628,0,9.38514006278445,10.2618400627845,11.1385400627845,10.2618400627845,0.282881431174616,iqcot_r027_proxy_table_in_loop_results_priority_rows007_018.csv,1,0.28288143117466014,0.2537619904407986,7
1,,R027_0044,10A,score_settle005,fixed_80us_precommitted,fixed,fixed,baseline,1,0.05,10.0,30.0,80,80,0.5,1,0.0,precommitted,10.5393457609743,0.531267688630699,4.63087064829415,34.286,1,82.1829076099372,0.99951236273925,1.00419623534961,0.995369129351706,4.19623534961322,4.63087064829415,1.01000000000002,34.286,2.8800000000035,0.945999999999987,1,-0.550516960481362,2.39971732104839,2.40488149094562,2.57604365410199,2.62676660474745,10.0074090708435,0.0074090708434528,0.227049283699064,-0.0139717801356751,574.969696969905,82.1829076099372,0,8.82504576097426,10.5393457609743,12.2536457609743,10.5393457609743,0.56038712936442,iqcot_r027_proxy_table_in_loop_results_priority_rows007_018.csv,1,0.5603871293644591,0.5312676886306988,8
1,,R027_0045,10A,score_settle005,discrete_dense_long_table,discrete_dense_long_table,lookup_table,deployable_baseline,1,0.05,10.0,30.0,50,50,0.5,1,0.5,commit_after_tau_ai,10.0080780723436,0.0,4.84748739227403,20.5380000000001,1,79.7841311007952,0.99951236273925,1.00419623534961,0.995320429988204,4.19623534961322,4.67957001179586,1.01000000000002,21.638,2.8840000000035,0.876000000000023,1,-0.54186817449775,2.32677519222017,2.55642910666451,2.50921883062034,2.65031501490392,10.0427381444089,0.0427381444089399,0.323539822683756,-0.0926875246819805,575.272727272727,83.781022265811,0,8.89705863160983,9.97895863160984,11.0608586316098,9.97895863160984,0.0,iqcot_r027_proxy_table_in_loop_results_priority_rows007_018.csv,1,0.0,0.0,9
1,,R027_0046,10A,score_settle005,calibrated_risk_proxy_projection,calibrated_risk_proxy_projection,proxy_projection,deployable_candidate,1,0.05,10.0,30.0,62,62,0.5,1,0.5,commit_after_tau_ai,10.3630835522926,0.355005479949023,4.73912126375797,27.3860000000001,1,85.3659235830467,0.99951236273925,1.00419623534961,0.995396177663347,4.19623534961322,4.60382233665269,1.01000000000002,27.4340000000001,2.87800000000352,0.896000000003428,1,-0.546378730047259,2.35300767079331,2.44819774542642,2.64092902950042,2.54877949051509,9.99091393623525,-0.0090860637647516,0.287921358707114,-0.0007601339119459,576.000000000001,82.3984223159198,0,8.79816951301834,10.1698695130183,11.5415695130183,10.1698695130183,0.190910881408508,iqcot_r027_proxy_table_in_loop_results_priority_rows007_018.csv,1,0.1909108814084597,0.3550054799489999,10
1,,R027_0047,10A,score_settle005,near_opt_band_clipping,near_opt_band_clipping,band_projection,offline_comparator,0,0.05,10.0,30.0,34,34,0.5,1,0.5,commit_after_tau_ai,10.2169649805478,0.208886908204216,5.14617078943369,15.2280000000001,1,88.0342564174254,0.99951236273925,1.00419623534961,0.995137464448406,4.19623534961322,4.86253555159422,1.01000000000002,13.478,2.89800000000351,0.892000000000004,1,-0.583682143987407,2.31795865019093,2.39623084849337,2.83488864552608,2.46460395537642,10.0136820995868,0.0136820995867968,0.516929995335153,0.0730031229618044,574.882352940974,110.29568103465,0,9.65213131627463,10.3260313162746,10.9999313162746,10.3260313162746,0.347072684664798,iqcot_r027_proxy_table_in_loop_results_priority_rows007_018.csv,1,0.3470726846647594,0.20888690820419953,11
1,,R027_0048,10A,score_settle005,posterior_mode_aware_projection,posterior_mode_aware_projection,posterior_projection,posterior_upper_bound,0,0.05,10.0,30.0,50,50,0.5,1,0.5,commit_after_tau_ai,10.0080780723436,0.0,4.84748739227403,20.5380000000001,1,79.7841311007952,0.99951236273925,1.00419623534961,0.995320429988204,4.19623534961322,4.67957001179586,1.01000000000002,21.638,2.8840000000035,0.876000000000023,1,-0.54186817449775,2.32677519222017,2.55642910666451,2.50921883062034,2.65031501490392,10.0427381444089,0.0427381444089399,0.323539822683756,-0.0926875246819805,575.272727272727,83.781022265811,0,8.89705863160983,9.97895863160984,11.0608586316098,9.97895863160984,0.0,iqcot_r027_proxy_table_in_loop_results_priority_rows007_018.csv,1,0.0,0.0,12
1,,R027_0050,10A,score_settle005,fixed_40us_precommitted,fixed,fixed,baseline,1,0.05,10.0,30.0,40,40,1.0,2,0.0,precommitted,10.2618400627844,0.253761990440799,5.01028636671008,17.534,1,91.29556151628,0.99951236273925,1.00419623534961,0.99498971363329,4.19623534961322,5.01028636671008,1.01000000000002,17.534,2.9080000000035,1.03199999999999,1,-0.54894246574877,2.37466604348003,2.45483291477991,2.69493044113661,2.4994972774893,10.0239266768859,0.0239266768858588,0.320264397656583,0.0288165730868561,576.666666666458,91.29556151628,0,9.38514006278445,10.2618400627845,11.1385400627845,10.2618400627845,0.579291428467954,iqcot_r027_proxy_table_in_loop_results_priority_rows007_018.csv,1,0.5792914284680002,0.2537619904407986,13
1,,R027_0051,10A,score_settle005,fixed_80us_precommitted,fixed,fixed,baseline,1,0.05,10.0,30.0,80,80,1.0,2,0.0,precommitted,10.5393457609743,0.531267688630699,4.63087064829415,34.286,1,82.1829076099372,0.99951236273925,1.00419623534961,0.995369129351706,4.19623534961322,4.63087064829415,1.01000000000002,34.286,2.8800000000035,0.945999999999987,1,-0.550516960481362,2.39971732104839,2.40488149094562,2.57604365410199,2.62676660474745,10.0074090708435,0.0074090708434528,0.227049283699064,-0.0139717801356751,574.969696969905,82.1829076099372,0,8.82504576097426,10.5393457609743,12.2536457609743,10.5393457609743,0.856797126657758,iqcot_r027_proxy_table_in_loop_results_priority_rows007_018.csv,1,0.8567971266577992,0.5312676886306988,14
1,,R027_0052,10A,score_settle005,discrete_dense_long_table,discrete_dense_long_table,lookup_table,deployable_baseline,1,0.05,10.0,30.0,50,50,1.0,2,1.0,commit_after_tau_ai,10.0080780723436,0.0,4.84748739227403,20.5380000000001,1,79.7841311007952,0.99951236273925,1.00419623534961,0.995465891965013,4.19623534961322,4.53410803498733,1.01000000000002,23.362,2.87200000000006,0.917999999996565,1,-0.540513168595491,2.36825480835345,2.43952904794139,2.61560205072092,2.59775651026976,10.0211424172855,0.0211424172855175,0.247347242367463,-0.0133571747841934,574.484848484849,71.991371536684,0,8.5144486343165,9.6825486343165,10.8506486343165,9.6825486343165,0.0,iqcot_r027_proxy_table_in_loop_results_priority_rows007_018.csv,1,0.0,0.0,15
1,,R027_0053,10A,score_settle005,calibrated_risk_proxy_projection,calibrated_risk_proxy_projection,proxy_projection,deployable_candidate,1,0.05,10.0,30.0,62,62,1.0,2,1.0,commit_after_tau_ai,10.3630835522926,0.355005479949023,4.73912126375797,27.3860000000001,1,85.3659235830467,0.99951236273925,1.00419623534961,0.995531259933209,4.19623534961322,4.46874006679066,1.01000000000002,29.0800000000001,2.86800000000352,0.886000000000018,1,-0.563127882251546,2.3693360664126,2.56251038370398,2.56842063069451,2.51320003368574,10.0134671144968,0.013467114496839,0.199084564281902,-0.0344884300706545,577.333333333333,90.1743681253905,0,8.83535531155001,10.28935531155,11.74335531155,10.28935531155,0.606806677233516,iqcot_r027_proxy_table_in_loop_results_priority_rows007_018.csv,1,0.6068066772335001,0.3550054799489999,16
1,,R027_0054,10A,score_settle005,near_opt_band_clipping,near_opt_band_clipping,band_projection,offline_comparator,0,0.05,10.0,30.0,34,34,1.0,2,1.0,commit_after_tau_ai,10.2169649805478,0.208886908204216,5.14617078943369,15.2280000000001,1,88.0342564174254,0.99951236273925,1.00419623534961,0.995369129351706,4.19623534961322,4.63087064829415,1.01000000000002,14.796,2.8800000000035,1.04,1,-0.558747846929331,2.29336436934961,2.61157515640601,2.59841434456723,2.52534283856409,10.0286967088869,0.0286967088869421,0.318210787056402,-0.0612848202633143,575.939393939394,95.4665973636783,0,9.09895044249705,9.83875044249705,10.578550442497,9.83875044249705,0.156201808180548,iqcot_r027_proxy_table_in_loop_results_priority_rows007_018.csv,1,0.1562018081805494,0.20888690820419953,17
1,,R027_0055,10A,score_settle005,posterior_mode_aware_projection,posterior_mode_aware_projection,posterior_projection,posterior_upper_bound,0,0.05,10.0,30.0,50,50,1.0,2,1.0,commit_after_tau_ai,10.0080780723436,0.0,4.84748739227403,20.5380000000001,1,79.7841311007952,0.99951236273925,1.00419623534961,0.995465891965013,4.19623534961322,4.53410803498733,1.01000000000002,23.362,2.87200000000006,0.917999999996565,1,-0.540513168595491,2.36825480835345,2.43952904794139,2.61560205072092,2.59775651026976,10.0211424172855,0.0211424172855175,0.247347242367463,-0.0133571747841934,574.484848484849,71.991371536684,0,8.5144486343165,9.6825486343165,10.8506486343165,9.6825486343165,0.0,iqcot_r027_proxy_table_in_loop_results_priority_rows007_018.csv,1,0.0,0.0,18
1,,R027_0057,10A,score_settle005,fixed_40us_precommitted,fixed,fixed,baseline,1,0.05,10.0,30.0,40,40,2.0,4,0.0,precommitted,10.2618400627844,0.253761990440799,5.01028636671008,17.534,1,91.29556151628,0.99951236273925,1.00419623534961,0.99498971363329,4.19623534961322,5.01028636671008,1.01000000000002,17.534,2.9080000000035,1.03199999999999,1,-0.54894246574877,2.37466604348003,2.45483291477991,2.69493044113661,2.4994972774893,10.0239266768859,0.0239266768858588,0.320264397656583,0.0288165730868561,576.666666666458,91.29556151628,0,9.38514006278445,10.2618400627845,11.1385400627845,10.2618400627845,0.973209488215151,iqcot_r027_proxy_table_in_loop_results_priority_rows019_030.csv,2,0.9732094882152005,0.2537619904407986,19
1,,R027_0058,10A,score_settle005,fixed_80us_precommitted,fixed,fixed,baseline,1,0.05,10.0,30.0,80,80,2.0,4,0.0,precommitted,10.5393457609743,0.531267688630699,4.63087064829415,34.286,1,82.1829076099372,0.99951236273925,1.00419623534961,0.995369129351706,4.19623534961322,4.63087064829415,1.01000000000002,34.286,2.8800000000035,0.945999999999987,1,-0.550516960481362,2.39971732104839,2.40488149094562,2.57604365410199,2.62676660474745,10.0074090708435,0.0074090708434528,0.227049283699064,-0.0139717801356751,574.969696969905,82.1829076099372,0,8.82504576097426,10.5393457609743,12.2536457609743,10.5393457609743,1.25071518640496,iqcot_r027_proxy_table_in_loop_results_priority_rows019_030.csv,2,1.2507151864049995,0.5312676886306988,20
1,,R027_0059,10A,score_settle005,discrete_dense_long_table,discrete_dense_long_table,lookup_table,deployable_baseline,1,0.05,10.0,30.0,50,50,2.0,4,2.0,commit_after_tau_ai,10.0080780723436,0.0,4.84748739227403,20.5380000000001,1,79.7841311007952,0.99951236273925,1.00419623534961,0.995657518438424,4.19623534961322,4.34248156157591,1.01000000000002,23.9460000000001,2.85800000000353,1.02799999999998,1,-0.536024289830905,2.52603420593122,2.40993283176122,2.62905839330256,2.49203495801439,10.0570603890094,0.0570603890093899,0.219125561541345,0.063281202364544,574.848484848278,65.0897858237525,0,8.18030156788186,9.37760156788186,10.5749015678819,9.37760156788186,0.0889709933125626,iqcot_r027_proxy_table_in_loop_results_priority_rows019_030.csv,2,0.08897099331255909,0.0,21
1,,R027_0060,10A,score_settle005,calibrated_risk_proxy_projection,calibrated_risk_proxy_projection,proxy_projection,deployable_candidate,1,0.05,10.0,30.0,62,62,2.0,4,2.0,commit_after_tau_ai,10.3630835522926,0.355005479949023,4.73912126375797,27.3860000000001,1,85.3659235830467,0.99951236273925,1.00419623534961,0.995657518438424,4.19623534961322,4.34248156157591,1.01000000000002,29.1240000000001,2.85800000000353,0.945999999999987,1,-0.564193220132458,2.33767229185952,2.51701125637419,2.63216953804901,2.50873234214828,9.995585428431,-0.0044145715690042,0.294497246189485,-0.0139754421534849,579.454545454545,96.3512749365917,0,8.8337002804402,10.2899002804402,11.7461002804402,10.2899002804402,1.0012697058709,iqcot_r027_proxy_table_in_loop_results_priority_rows019_030.csv,2,1.0012697058709001,0.3550054799489999,22
1,,R027_0061,10A,score_settle005,near_opt_band_clipping,near_opt_band_clipping,band_projection,offline_comparator,0,0.05,10.0,30.0,34,34,2.0,4,2.0,commit_after_tau_ai,10.2169649805478,0.208886908204216,5.14617078943369,15.2280000000001,1,88.0342564174254,0.99951236273925,1.00419623534961,0.99564212364429,4.19623534961322,4.35787635570972,1.01000000000002,17.0260000000001,2.86000000000351,1.05400000000001,1,-0.549613664665438,2.44898254164206,2.49870549665174,2.55476527940665,2.5451774085193,10.0476307262197,0.0476307262197455,0.105782737764587,-0.0100337710305836,578.969696969489,76.4920277097069,0,8.4373305745693,9.2886305745693,10.1399305745693,9.2886305745693,0.0,iqcot_r027_proxy_table_in_loop_results_priority_rows019_030.csv,2,0.0,0.20888690820419953,23
1,,R027_0062,10A,score_settle005,posterior_mode_aware_projection,posterior_mode_aware_projection,posterior_projection,posterior_upper_bound,0,0.05,10.0,30.0,50,50,2.0,4,2.0,commit_after_tau_ai,10.0080780723436,0.0,4.84748739227403,20.5380000000001,1,79.7841311007952,0.99951236273925,1.00419623534961,0.995657518438424,4.19623534961322,4.34248156157591,1.01000000000002,23.9460000000001,2.85800000000353,1.02799999999998,1,-0.536024289830905,2.52603420593122,2.40993283176122,2.62905839330256,2.49203495801439,10.0570603890094,0.0570603890093899,0.219125561541345,0.063281202364544,574.848484848278,65.0897858237525,0,8.18030156788186,9.37760156788186,10.5749015678819,9.37760156788186,0.0889709933125626,iqcot_r027_proxy_table_in_loop_results_priority_rows019_030.csv,2,0.08897099331255909,0.0,24
1,,R027_0281,near0A,score_settle010,fixed_40us_precommitted,fixed,fixed,baseline,1,0.1,0.001,39.999,40,40,0.0,0,0.0,precommitted,19.8657575226316,0.316451028651198,10.8973455449204,21.8220000000001,2,110.846160114824,0.99951236273925,1.00681664966986,0.98910265445508,6.81664966986206,10.8973455449204,1.49800000000006,21.8220000000001,4.15200000000352,1.66199999999999,2,-0.569288775414734,-0.0694875605626989,-0.140994404883467,0.154085964271341,0.0594951303339796,0.0030991291591546,0.0020991291591546,0.295080369154808,0.0415244195645324,596.606060606268,110.846160114824,0,17.6835575226316,18.7746575226316,19.8657575226316,19.8657575226316,0.192561048356318,iqcot_r027_proxy_table_in_loop_results_priority_rows019_030.csv,2,0.19256104835629984,0.19256104835629984,25
1,,R027_0282,near0A,score_settle010,fixed_80us_precommitted,fixed,fixed,baseline,1,0.1,0.001,39.999,80,80,0.0,0,0.0,precommitted,21.987109835245,2.4378033412646,10.1510195226028,47.812,2,123.524411768886,0.99951236273925,1.00681664966986,0.989848980477397,6.81664966986206,10.1510195226028,1.49800000000006,47.812,4.1060000000035,1.67200000000003,2,-0.584402077264512,0.087883542278541,-0.10686816202556,-0.108325219375312,0.0951092326617698,-0.0322006064605616,-0.0332006064605616,0.203434452037082,-0.0021706869332452,592.969696969489,123.524411768886,0,17.205909835245,19.596509835245,21.987109835245,21.987109835245,2.31391336096972,iqcot_r027_proxy_table_in_loop_results_priority_rows019_030.csv,2,2.3139133609697,2.3139133609697,26
1,,R027_0283,near0A,score_settle010,discrete_dense_long_table,discrete_dense_long_table,lookup_table,deployable_baseline,1,0.1,0.001,39.999,30,30,0.0,0,0.0,commit_after_tau_ai,19.7840637899695,0.234757295989098,11.5919004786901,14.796,2,107.601256046834,0.99951236273925,1.00681664966986,0.98840809952131,6.81664966986206,11.5919004786901,1.49800000000006,14.796,4.18200000000351,1.45400000000002,2,-0.560538190342741,0.0101943081511316,-0.0346931355496013,0.0695281839319782,-0.0381572567775425,0.0068720997559659,0.0058720997559659,0.107685440709521,0.0381432211025634,594.969696969905,107.601256046834,0,18.3044637899695,19.0442637899695,19.7840637899695,19.7840637899695,0.11086731569419,iqcot_r027_proxy_table_in_loop_results_priority_rows019_030.csv,2,0.11086731569420039,0.11086731569420039,27
1,,R027_0284,near0A,score_settle010,calibrated_risk_proxy_projection,calibrated_risk_proxy_projection,proxy_projection,deployable_candidate,1,0.1,0.001,39.999,30,30,0.0,0,0.0,commit_after_tau_ai,19.7840637899695,0.234757295989098,11.5919004786901,14.796,2,107.601256046834,0.99951236273925,1.00681664966986,0.98840809952131,6.81664966986206,11.5919004786901,1.49800000000006,14.796,4.18200000000351,1.45400000000002,2,-0.560538190342741,0.0101943081511316,-0.0346931355496013,0.0695281839319782,-0.0381572567775425,0.0068720997559659,0.0058720997559659,0.107685440709521,0.0381432211025634,594.969696969905,107.601256046834,0,18.3044637899695,19.0442637899695,19.7840637899695,19.7840637899695,0.11086731569419,iqcot_r027_proxy_table_in_loop_results_priority_rows019_030.csv,2,0.11086731569420039,0.11086731569420039,28
1,,R027_0285,near0A,score_settle010,near_opt_band_clipping,near_opt_band_clipping,band_projection,offline_comparator,0,0.1,0.001,39.999,35,35,0.0,0,0.0,commit_after_tau_ai,19.6731964742753,0.123889980294898,11.0926204577509,19.444,2,103.952842906669,0.99951236273925,1.00681664966986,0.988907379542249,6.81664966986206,11.0926204577509,1.49800000000006,19.444,4.16400000000349,1.67600000000004,2,-0.557119158390962,-0.19555680167411,-0.158212910606564,0.159456776289154,0.205166121129863,0.010853185138342,0.009853185138342,0.400722922803973,-0.0207633089770637,593.5,103.952842906669,0,17.7287964742753,18.7009964742753,19.6731964742753,19.6731964742753,0.0,iqcot_r027_proxy_table_in_loop_results_priority_rows019_030.csv,2,0.0,0.0,29
1,,R027_0286,near0A,score_settle010,posterior_mode_aware_projection,posterior_mode_aware_projection,posterior_projection,posterior_upper_bound,0,0.1,0.001,39.999,30,30,0.0,0,0.0,commit_after_tau_ai,19.7840637899695,0.234757295989098,11.5919004786901,14.796,2,107.601256046834,0.99951236273925,1.00681664966986,0.98840809952131,6.81664966986206,11.5919004786901,1.49800000000006,14.796,4.18200000000351,1.45400000000002,2,-0.560538190342741,0.0101943081511316,-0.0346931355496013,0.0695281839319782,-0.0381572567775425,0.0068720997559659,0.0058720997559659,0.107685440709521,0.0381432211025634,594.969696969905,107.601256046834,0,18.3044637899695,19.0442637899695,19.7840637899695,19.7840637899695,0.11086731569419,iqcot_r027_proxy_table_in_loop_results_priority_rows019_030.csv,2,0.11086731569420039,0.11086731569420039,30
1,,R027_0288,near0A,score_settle010,fixed_40us_precommitted,fixed,fixed,baseline,1,0.1,0.001,39.999,40,40,0.5,1,0.0,precommitted,19.8657575226316,0.316451028651198,10.8973455449204,21.8220000000001,2,110.846160114824,0.99951236273925,1.00681664966986,0.98910265445508,6.81664966986206,10.8973455449204,1.49800000000006,21.8220000000001,4.15200000000352,1.66199999999999,2,-0.569288775414734,-0.0694875605626989,-0.140994404883467,0.154085964271341,0.0594951303339796,0.0030991291591546,0.0020991291591546,0.295080369154808,0.0415244195645324,596.606060606268,110.846160114824,0,17.6835575226316,18.7746575226316,19.8657575226316,19.8657575226316,1.08471388291671,iqcot_r027_proxy_table_in_loop_results_priority_rows031_048.csv,3,1.0847138829167022,0.19256104835629984,31
1,,R027_0289,near0A,score_settle010,fixed_80us_precommitted,fixed,fixed,baseline,1,0.1,0.001,39.999,80,80,0.5,1,0.0,precommitted,21.987109835245,2.4378033412646,10.1510195226028,47.812,2,123.524411768886,0.99951236273925,1.00681664966986,0.989848980477397,6.81664966986206,10.1510195226028,1.49800000000006,47.812,4.1060000000035,1.67200000000003,2,-0.584402077264512,0.087883542278541,-0.10686816202556,-0.108325219375312,0.0951092326617698,-0.0322006064605616,-0.0332006064605616,0.203434452037082,-0.0021706869332452,592.969696969489,123.524411768886,0,17.205909835245,19.596509835245,21.987109835245,21.987109835245,3.20606619553011,iqcot_r027_proxy_table_in_loop_results_priority_rows031_048.csv,3,3.206066195530102,2.3139133609697,32
1,,R027_0290,near0A,score_settle010,discrete_dense_long_table,discrete_dense_long_table,lookup_table,deployable_baseline,1,0.1,0.001,39.999,30,30,0.5,1,0.5,commit_after_tau_ai,19.7840637899695,0.234757295989098,11.5919004786901,14.796,2,107.601256046834,0.99951236273925,1.00681664966986,0.989070125314004,6.81664966986206,10.9298746859956,1.49800000000006,14.3580000000001,4.1540000000035,1.33799999999998,2,-0.545887397149447,-0.155954274138663,-0.0999249454512438,0.156170038340693,0.0908596897173453,-0.0088494915318685,-0.0098494915318685,0.312124312479356,0.0023202549839821,593.375000000215,93.4740778284929,0,17.3452436397149,18.0631436397149,18.7810436397149,18.7810436397149,0.0,iqcot_r027_proxy_table_in_loop_results_priority_rows031_048.csv,3,0.0,0.11086731569420039,33
1,,R027_0291,near0A,score_settle010,calibrated_risk_proxy_projection,calibrated_risk_proxy_projection,proxy_projection,deployable_candidate,1,0.1,0.001,39.999,30,30,0.5,1,0.5,commit_after_tau_ai,19.7840637899695,0.234757295989098,11.5919004786901,14.796,2,107.601256046834,0.99951236273925,1.00681664966986,0.989070125314004,6.81664966986206,10.9298746859956,1.49800000000006,14.3580000000001,4.1540000000035,1.33799999999998,2,-0.545887397149447,-0.155954274138663,-0.0999249454512438,0.156170038340693,0.0908596897173453,-0.0088494915318685,-0.0098494915318685,0.312124312479356,0.0023202549839821,593.375000000215,93.4740778284929,0,17.3452436397149,18.0631436397149,18.7810436397149,18.7810436397149,0.0,iqcot_r027_proxy_table_in_loop_results_priority_rows031_048.csv,3,0.0,0.11086731569420039,34
1,,R027_0292,near0A,score_settle010,near_opt_band_clipping,near_opt_band_clipping,band_projection,offline_comparator,0,0.1,0.001,39.999,35,35,0.5,1,0.5,commit_after_tau_ai,19.6731964742753,0.123889980294898,11.0926204577509,19.444,2,103.952842906669,0.99951236273925,1.00681664966986,0.98924703972337,6.81664966986206,10.7529602766298,1.49800000000006,19.452,4.13938634033284,1.58200000000344,2,-0.547472896780699,-0.0940416080429951,-0.0679197032542045,0.0993193232983973,0.0612300795145257,-0.0014119084842765,-0.0024119084842765,0.193360931341392,0.0029918347487702,595.939393939394,95.6379695098853,0,17.2131925636082,18.1857925636082,19.1583925636082,19.1583925636082,0.377348923893255,iqcot_r027_proxy_table_in_loop_results_priority_rows031_048.csv,3,0.377348923893301,0.0,35
1,,R027_0293,near0A,score_settle010,posterior_mode_aware_projection,posterior_mode_aware_projection,posterior_projection,posterior_upper_bound,0,0.1,0.001,39.999,30,30,0.5,1,0.5,commit_after_tau_ai,19.7840637899695,0.234757295989098,11.5919004786901,14.796,2,107.601256046834,0.99951236273925,1.00681664966986,0.989070125314004,6.81664966986206,10.9298746859956,1.49800000000006,14.3580000000001,4.1540000000035,1.33799999999998,2,-0.545887397149447,-0.155954274138663,-0.0999249454512438,0.156170038340693,0.0908596897173453,-0.0088494915318685,-0.0098494915318685,0.312124312479356,0.0023202549839821,593.375000000215,93.4740778284929,0,17.3452436397149,18.0631436397149,18.7810436397149,18.7810436397149,0.0,iqcot_r027_proxy_table_in_loop_results_priority_rows031_048.csv,3,0.0,0.11086731569420039,36
1,,R027_0295,near0A,score_settle010,fixed_40us_precommitted,fixed,fixed,baseline,1,0.1,0.001,39.999,40,40,1.0,2,0.0,precommitted,19.8657575226316,0.316451028651198,10.8973455449204,21.8220000000001,2,110.846160114824,0.99951236273925,1.00681664966986,0.98910265445508,6.81664966986206,10.8973455449204,1.49800000000006,21.8220000000001,4.15200000000352,1.66199999999999,2,-0.569288775414734,-0.0694875605626989,-0.140994404883467,0.154085964271341,0.0594951303339796,0.0030991291591546,0.0020991291591546,0.295080369154808,0.0415244195645324,596.606060606268,110.846160114824,0,17.6835575226316,18.7746575226316,19.8657575226316,19.8657575226316,3.1769145825849,iqcot_r027_proxy_table_in_loop_results_priority_rows031_048.csv,3,3.1769145825848994,0.19256104835629984,37
1,,R027_0296,near0A,score_settle010,fixed_80us_precommitted,fixed,fixed,baseline,1,0.1,0.001,39.999,80,80,1.0,2,0.0,precommitted,21.987109835245,2.4378033412646,10.1510195226028,47.812,2,123.524411768886,0.99951236273925,1.00681664966986,0.989848980477397,6.81664966986206,10.1510195226028,1.49800000000006,47.812,4.1060000000035,1.67200000000003,2,-0.584402077264512,0.087883542278541,-0.10686816202556,-0.108325219375312,0.0951092326617698,-0.0322006064605616,-0.0332006064605616,0.203434452037082,-0.0021706869332452,592.969696969489,123.524411768886,0,17.205909835245,19.596509835245,21.987109835245,21.987109835245,5.29826689519831,iqcot_r027_proxy_table_in_loop_results_priority_rows031_048.csv,3,5.298266895198299,2.3139133609697,38
1,,R027_0297,near0A,score_settle010,discrete_dense_long_table,discrete_dense_long_table,lookup_table,deployable_baseline,1,0.1,0.001,39.999,30,30,1.0,2,1.0,commit_after_tau_ai,19.7840637899695,0.234757295989098,11.5919004786901,14.796,2,107.601256046834,0.99951236273925,1.00681664966986,0.989460034292381,6.81664966986206,10.5399657076185,1.49800000000006,14.122,4.1300000000035,1.24599999999999,1,-0.569187412091221,-0.0727399285304887,-0.009087086670544,-0.0040750214627794,0.0807877751036288,-0.0051142615601835,-0.0061142615601835,0.153527703634117,-0.0371289096065882,593.030303030303,108.374491016849,0,15.2766429400467,15.9827429400467,16.6888429400467,16.6888429400467,0.0,iqcot_r027_proxy_table_in_loop_results_priority_rows031_048.csv,3,0.0,0.11086731569420039,39
1,,R027_0298,near0A,score_settle010,calibrated_risk_proxy_projection,calibrated_risk_proxy_projection,proxy_projection,deployable_candidate,1,0.1,0.001,39.999,30,30,1.0,2,1.0,commit_after_tau_ai,19.7840637899695,0.234757295989098,11.5919004786901,14.796,2,107.601256046834,0.99951236273925,1.00681664966986,0.989460034292381,6.81664966986206,10.5399657076185,1.49800000000006,14.122,4.1300000000035,1.24599999999999,1,-0.569187412091221,-0.0727399285304887,-0.009087086670544,-0.0040750214627794,0.0807877751036288,-0.0051142615601835,-0.0061142615601835,0.153527703634117,-0.0371289096065882,593.030303030303,108.374491016849,0,15.2766429400467,15.9827429400467,16.6888429400467,16.6888429400467,0.0,iqcot_r027_proxy_table_in_loop_results_priority_rows031_048.csv,3,0.0,0.11086731569420039,40
1,,R027_0299,near0A,score_settle010,near_opt_band_clipping,near_opt_band_clipping,band_projection,offline_comparator,0,0.1,0.001,39.999,35,35,1.0,2,1.0,commit_after_tau_ai,19.6731964742753,0.123889980294898,11.0926204577509,19.444,2,103.952842906669,0.99951236273925,1.00681664966986,0.989547971176005,6.81664966986206,10.4520288239951,1.49800000000006,21.328,4.1200000000035,1.06200000000002,1,-0.54638849731159,-0.0914511797589814,-0.0605299973219353,0.14007996121949,0.0046899537656024,-0.0072112620958244,-0.0082112620958244,0.231531140978471,0.0261172062542103,594.727272727273,103.748274903828,0,15.0733828193833,16.1397828193833,17.2061828193833,17.2061828193833,0.517339879336546,iqcot_r027_proxy_table_in_loop_results_priority_rows031_048.csv,3,0.5173398793365998,0.0,41
1,,R027_0300,near0A,score_settle010,posterior_mode_aware_projection,posterior_mode_aware_projection,posterior_projection,posterior_upper_bound,0,0.1,0.001,39.999,30,30,1.0,2,1.0,commit_after_tau_ai,19.7840637899695,0.234757295989098,11.5919004786901,14.796,2,107.601256046834,0.99951236273925,1.00681664966986,0.989460034292381,6.81664966986206,10.5399657076185,1.49800000000006,14.122,4.1300000000035,1.24599999999999,1,-0.569187412091221,-0.0727399285304887,-0.009087086670544,-0.0040750214627794,0.0807877751036288,-0.0051142615601835,-0.0061142615601835,0.153527703634117,-0.0371289096065882,593.030303030303,108.374491016849,0,15.2766429400467,15.9827429400467,16.6888429400467,16.6888429400467,0.0,iqcot_r027_proxy_table_in_loop_results_priority_rows031_048.csv,3,0.0,0.11086731569420039,42
1,,R027_0302,near0A,score_settle010,fixed_40us_precommitted,fixed,fixed,baseline,1,0.1,0.001,39.999,40,40,2.0,4,0.0,precommitted,19.8657575226316,0.316451028651198,10.8973455449204,21.8220000000001,2,110.846160114824,0.99951236273925,1.00681664966986,0.98910265445508,6.81664966986206,10.8973455449204,1.49800000000006,21.8220000000001,4.15200000000352,1.66199999999999,2,-0.569288775414734,-0.0694875605626989,-0.140994404883467,0.154085964271341,0.0594951303339796,0.0030991291591546,0.0020991291591546,0.295080369154808,0.0415244195645324,596.606060606268,110.846160114824,0,17.6835575226316,18.7746575226316,19.8657575226316,19.8657575226316,1.22783951730423,iqcot_r027_proxy_table_in_loop_results_priority_rows031_048.csv,3,1.2278395173042007,0.19256104835629984,43
1,,R027_0303,near0A,score_settle010,fixed_80us_precommitted,fixed,fixed,baseline,1,0.1,0.001,39.999,80,80,2.0,4,0.0,precommitted,21.987109835245,2.4378033412646,10.1510195226028,47.812,2,123.524411768886,0.99951236273925,1.00681664966986,0.989848980477397,6.81664966986206,10.1510195226028,1.49800000000006,47.812,4.1060000000035,1.67200000000003,2,-0.584402077264512,0.087883542278541,-0.10686816202556,-0.108325219375312,0.0951092326617698,-0.0322006064605616,-0.0332006064605616,0.203434452037082,-0.0021706869332452,592.969696969489,123.524411768886,0,17.205909835245,19.596509835245,21.987109835245,21.987109835245,3.34919182991764,iqcot_r027_proxy_table_in_loop_results_priority_rows031_048.csv,3,3.3491918299176007,2.3139133609697,44
1,,R027_0304,near0A,score_settle010,discrete_dense_long_table,discrete_dense_long_table,lookup_table,deployable_baseline,1,0.1,0.001,39.999,30,30,2.0,4,2.0,commit_after_tau_ai,19.7840637899695,0.234757295989098,11.5919004786901,14.796,2,107.601256046834,0.99951236273925,1.00681664966986,0.990075420360652,6.81664966986206,9.92457963934823,1.49800000000006,21.0820000000001,4.0920000000035,1.68,2,-0.549071216982333,-0.257503734568499,0.008727521969287,0.0583770700305445,0.207203269636865,0.016804127068197,0.015804127068197,0.464707004205364,-0.103764364036027,596.969696969697,102.80335744984,0,16.5297180053274,17.5838180053274,18.6379180053274,18.6379180053274,0.0,iqcot_r027_proxy_table_in_loop_results_priority_rows031_048.csv,3,0.0,0.11086731569420039,45
1,,R027_0305,near0A,score_settle010,calibrated_risk_proxy_projection,calibrated_risk_proxy_projection,proxy_projection,deployable_candidate,1,0.1,0.001,39.999,30,30,2.0,4,2.0,commit_after_tau_ai,19.7840637899695,0.234757295989098,11.5919004786901,14.796,2,107.601256046834,0.99951236273925,1.00681664966986,0.990075420360652,6.81664966986206,9.92457963934823,1.49800000000006,21.0820000000001,4.0920000000035,1.68,2,-0.549071216982333,-0.257503734568499,0.008727521969287,0.0583770700305445,0.207203269636865,0.016804127068197,0.015804127068197,0.464707004205364,-0.103764364036027,596.969696969697,102.80335744984,0,16.5297180053274,17.5838180053274,18.6379180053274,18.6379180053274,0.0,iqcot_r027_proxy_table_in_loop_results_priority_rows031_048.csv,3,0.0,0.11086731569420039,46
1,,R027_0306,near0A,score_settle010,near_opt_band_clipping,near_opt_band_clipping,band_projection,offline_comparator,0,0.1,0.001,39.999,35,35,2.0,4,2.0,commit_after_tau_ai,19.6731964742753,0.123889980294898,11.0926204577509,19.444,2,103.952842906669,0.99951236273925,1.00681664966986,0.990140057121759,6.81664966986206,9.85994287824066,1.49800000000006,23.546,4.08800000000349,1.54400000000002,2,-0.563651338722604,-0.170226910552064,-0.042239308980894,0.0866023810681623,0.0849035433544224,-0.0409602951103735,-0.0419602951103735,0.256829291620227,-0.0315721909643576,590.242424242216,115.27330470169,0,16.7290603109971,17.9063603109971,19.0836603109971,19.0836603109971,0.445742305669686,iqcot_r027_proxy_table_in_loop_results_priority_rows031_048.csv,3,0.4457423056697003,0.0,47
1,,R027_0307,near0A,score_settle010,posterior_mode_aware_projection,posterior_mode_aware_projection,posterior_projection,posterior_upper_bound,0,0.1,0.001,39.999,30,30,2.0,4,2.0,commit_after_tau_ai,19.7840637899695,0.234757295989098,11.5919004786901,14.796,2,107.601256046834,0.99951236273925,1.00681664966986,0.990075420360652,6.81664966986206,9.92457963934823,1.49800000000006,21.0820000000001,4.0920000000035,1.68,2,-0.549071216982333,-0.257503734568499,0.008727521969287,0.0583770700305445,0.207203269636865,0.016804127068197,0.015804127068197,0.464707004205364,-0.103764364036027,596.969696969697,102.80335744984,0,16.5297180053274,17.5838180053274,18.6379180053274,18.6379180053274,0.0,iqcot_r027_proxy_table_in_loop_results_priority_rows031_048.csv,3,0.0,0.11086731569420039,48
