case,r_scale,trim_limit_ns,full_required_trim_ns,full_required_trim_pkpk_ns,applied_trim_ns,applied_trim_pkpk_ns,dc_vout_V,dc_current_A,no_trim_current_pkpk_A,trimmed_current_pkpk_A,current_pkpk_reduction_pct,nominal_event_phase_wait_pkpk_ns_cost,nominal_event_wait_rms_ns_cost,cost_per_reduction_ns_per_pct
monotonic_pm5%,0.95 0.983333 1.01667 1.05,0.0,-0.125 -0.04166667 0.04166667 0.125,0.24999999999999992,0 0 0 0,0.0,1.0000208518776077,10.51168 10.15535 9.822392 9.51057,1.0011126564673152,1.0011126564673152,0.0,0.0,0.0,
monotonic_pm5%,0.95 0.983333 1.01667 1.05,0.05,-0.125 -0.04166667 0.04166667 0.125,0.24999999999999992,-0.05 -0.04166667 0.04166667 0.05,0.1,1.0000112625173851,10.30789 9.992364 9.992615 9.707135,1.0011126564673152,0.6007510431154834,39.9916643512041,38.670678161296536,18.040915536461288,0.966968461769764
monotonic_pm5%,0.95 0.983333 1.01667 1.05,0.1,-0.125 -0.04166667 0.04166667 0.125,0.24999999999999992,-0.1 -0.04166667 0.04166667 0.1,0.2,1.0000037541724618,10.10263 9.997455 9.997538 9.902378,1.0011126564673152,0.2002503477052251,79.99722145039499,77.92293571472578,30.167751592023,0.9740705277250731
monotonic_pm5%,0.95 0.983333 1.01667 1.05,0.2,-0.125 -0.04166667 0.04166667 0.125,0.24999999999999992,-0.125 -0.04166667 0.04166667 0.125,0.24999999999999992,0.9999999999999998,10 10 10 10,1.0011126564673152,1.2434497875801753e-13,99.99999999998758,97.94602586765942,36.94695793695433,0.9794602586767158
monotonic_pm5%,0.95 0.983333 1.01667 1.05,0.3,-0.125 -0.04166667 0.04166667 0.125,0.24999999999999992,-0.125 -0.04166667 0.04166667 0.125,0.24999999999999992,0.9999999999999998,10 10 10 10,1.0011126564673152,1.2434497875801753e-13,99.99999999998758,97.94602586765942,36.94695793695433,0.9794602586767158
monotonic_pm5%,0.95 0.983333 1.01667 1.05,0.5,-0.125 -0.04166667 0.04166667 0.125,0.24999999999999992,-0.125 -0.04166667 0.04166667 0.125,0.24999999999999992,0.9999999999999998,10 10 10 10,1.0011126564673152,1.2434497875801753e-13,99.99999999998758,97.94602586765942,36.94695793695433,0.9794602586767158
monotonic_pm5%,0.95 0.983333 1.01667 1.05,1.0,-0.125 -0.04166667 0.04166667 0.125,0.24999999999999992,-0.125 -0.04166667 0.04166667 0.125,0.24999999999999992,0.9999999999999998,10 10 10 10,1.0011126564673152,1.2434497875801753e-13,99.99999999998758,97.94602586765942,36.94695793695433,0.9794602586767158
alternating_pm5%,0.95 1.05 0.95 1.05,0.0,-0.125 0.125 -0.125 0.125,0.24999999999999992,0 0 0 0,0.0,1.0000375,10.5 9.5 10.5 9.5,1.0,1.0,0.0,0.0,0.0,
alternating_pm5%,0.95 1.05 0.95 1.05,0.05,-0.125 0.125 -0.125 0.125,0.24999999999999992,-0.05 0.05 -0.05 0.05,0.1,1.0000225,10.3 9.7 10.3 9.7,1.0,0.6000000000000334,39.99999999999666,38.837975337879385,19.556060319484928,0.9709493834470657
alternating_pm5%,0.95 1.05 0.95 1.05,0.1,-0.125 0.125 -0.125 0.125,0.24999999999999992,-0.1 0.1 -0.1 0.1,0.2,1.0000075000000002,10.1 9.9 10.1 9.9,1.0,0.20000000000007034,79.99999999999297,77.53346384193252,39.063367544388264,0.9691682980242416
alternating_pm5%,0.95 1.05 0.95 1.05,0.2,-0.125 0.125 -0.125 0.125,0.24999999999999992,-0.125 0.125 -0.125 0.125,0.24999999999999992,1.0,10 10 10 10,1.0,1.1191048088221578e-13,99.9999999999888,96.79235868291728,48.787435269210064,0.9679235868292813
alternating_pm5%,0.95 1.05 0.95 1.05,0.3,-0.125 0.125 -0.125 0.125,0.24999999999999992,-0.125 0.125 -0.125 0.125,0.24999999999999992,1.0,10 10 10 10,1.0,1.1191048088221578e-13,99.9999999999888,96.79235868291728,48.787435269210064,0.9679235868292813
alternating_pm5%,0.95 1.05 0.95 1.05,0.5,-0.125 0.125 -0.125 0.125,0.24999999999999992,-0.125 0.125 -0.125 0.125,0.24999999999999992,1.0,10 10 10 10,1.0,1.1191048088221578e-13,99.9999999999888,96.79235868291728,48.787435269210064,0.9679235868292813
alternating_pm5%,0.95 1.05 0.95 1.05,1.0,-0.125 0.125 -0.125 0.125,0.24999999999999992,-0.125 0.125 -0.125 0.125,0.24999999999999992,1.0,10 10 10 10,1.0,1.1191048088221578e-13,99.9999999999888,96.79235868291728,48.787435269210064,0.9679235868292813
one_high_pm5%,1.05 0.983333 0.983333 0.983333,0.0,0.125 -0.04166667 -0.04166667 -0.04166667,0.16666666666666674,0 0 0 0,0.0,1.0000120967741934,9.516129 10.16129 10.16129 10.16129,0.6451612903225818,0.6451612903225818,0.0,0.0,0.0,
one_high_pm5%,1.05 0.983333 0.983333 0.983333,0.05,0.125 -0.04166667 -0.04166667 -0.04166667,0.16666666666666674,0.06875 -0.02291667 -0.02291667 -0.02291667,0.09166666666666677,1.000005443548387,9.782258 10.07258 10.07258 10.07258,0.6451612903225818,0.2903225806451353,55.000000000004114,39.0864320110564,16.68843517320853,0.7106624002009724
one_high_pm5%,1.05 0.983333 0.983333 0.983333,0.1,0.125 -0.04166667 -0.04166667 -0.04166667,0.16666666666666674,0.10625 -0.03541667 -0.03541667 -0.03541667,0.14166666666666677,1.000001814516129,9.927419 10.02419 10.02419 10.02419,0.6451612903225818,0.0967741935483808,85.00000000000101,62.784365603509016,26.849530459695824,0.7386395953353915
one_high_pm5%,1.05 0.983333 0.983333 0.983333,0.2,0.125 -0.04166667 -0.04166667 -0.04166667,0.16666666666666674,0.125 -0.04166667 -0.04166667 -0.04166667,0.16666666666666674,1.0,10 10 10 10,0.6451612903225818,7.283063041541027e-14,99.9999999999887,75.34649083381221,32.25030533083591,0.7534649083382072
one_high_pm5%,1.05 0.983333 0.983333 0.983333,0.3,0.125 -0.04166667 -0.04166667 -0.04166667,0.16666666666666674,0.125 -0.04166667 -0.04166667 -0.04166667,0.16666666666666674,1.0,10 10 10 10,0.6451612903225818,7.283063041541027e-14,99.9999999999887,75.34649083381221,32.25030533083591,0.7534649083382072
one_high_pm5%,1.05 0.983333 0.983333 0.983333,0.5,0.125 -0.04166667 -0.04166667 -0.04166667,0.16666666666666674,0.125 -0.04166667 -0.04166667 -0.04166667,0.16666666666666674,1.0,10 10 10 10,0.6451612903225818,7.283063041541027e-14,99.9999999999887,75.34649083381221,32.25030533083591,0.7534649083382072
one_high_pm5%,1.05 0.983333 0.983333 0.983333,1.0,0.125 -0.04166667 -0.04166667 -0.04166667,0.16666666666666674,0.125 -0.04166667 -0.04166667 -0.04166667,0.16666666666666674,1.0,10 10 10 10,0.6451612903225818,7.283063041541027e-14,99.9999999999887,75.34649083381221,32.25030533083591,0.7534649083382072
one_low_pm5%,0.95 1.01667 1.01667 1.01667,0.0,-0.125 0.04166667 0.04166667 0.04166667,0.16666666666666638,0 0 0 0,0.0,1.0000129310344827,10.51724 9.827586 9.827586 9.827586,0.6896551724137883,0.6896551724137883,0.0,0.0,0.0,
one_low_pm5%,0.95 1.01667 1.01667 1.01667,0.05,-0.125 0.04166667 0.04166667 0.04166667,0.16666666666666638,-0.06875 0.02291667 0.02291667 0.02291667,0.09166666666666641,1.0000058189655172,10.23276 9.922414 9.922414 9.922414,0.6896551724137883,0.31034482758617266,55.00000000000465,34.361003617183435,14.608350153378614,0.6247455203123733
one_low_pm5%,0.95 1.01667 1.01667 1.01667,0.1,-0.125 0.04166667 0.04166667 0.04166667,0.16666666666666638,-0.10625 0.03541667 0.03541667 0.03541667,0.1416666666666664,1.0000019396551725,10.07759 9.974138 9.974138 9.974138,0.6896551724137883,0.10344827586190064,85.0000000000243,51.4396451915802,21.851294804526912,0.6051722963713587
one_low_pm5%,0.95 1.01667 1.01667 1.01667,0.2,-0.125 0.04166667 0.04166667 0.04166667,0.16666666666666638,-0.125 0.04166667 0.04166667 0.04166667,0.16666666666666638,1.0,10 10 10 10,0.6896551724137883,7.638334409421077e-14,99.99999999998892,59.5914643463314,25.30489841351625,0.5959146434633801
one_low_pm5%,0.95 1.01667 1.01667 1.01667,0.3,-0.125 0.04166667 0.04166667 0.04166667,0.16666666666666638,-0.125 0.04166667 0.04166667 0.04166667,0.16666666666666638,1.0,10 10 10 10,0.6896551724137883,7.638334409421077e-14,99.99999999998892,59.5914643463314,25.30489841351625,0.5959146434633801
one_low_pm5%,0.95 1.01667 1.01667 1.01667,0.5,-0.125 0.04166667 0.04166667 0.04166667,0.16666666666666638,-0.125 0.04166667 0.04166667 0.04166667,0.16666666666666638,1.0,10 10 10 10,0.6896551724137883,7.638334409421077e-14,99.99999999998892,59.5914643463314,25.30489841351625,0.5959146434633801
one_low_pm5%,0.95 1.01667 1.01667 1.01667,1.0,-0.125 0.04166667 0.04166667 0.04166667,0.16666666666666638,-0.125 0.04166667 0.04166667 0.04166667,0.16666666666666638,1.0,10 10 10 10,0.6896551724137883,7.638334409421077e-14,99.99999999998892,59.5914643463314,25.30489841351625,0.5959146434633801
monotonic_pm10%,0.9 0.966667 1.03333 1.1,0.0,-0.25 -0.08333333 0.08333333 0.25,0.5000000000000001,0 0 0 0,0.0,1.0000836312849162,11.04916 10.28715 9.623464 9.040223,2.008938547486025,2.008938547486025,0.0,0.0,0.0,
monotonic_pm10%,0.9 0.966667 1.03333 1.1,0.05,-0.25 -0.08333333 0.08333333 0.25,0.5000000000000001,-0.05 -0.05 0.05 0.05,0.1,1.0000635865921788,10.84179 10.09408 9.829944 9.23419,2.008938547486025,1.6075977653631632,19.97775305895233,40.85866662142319,19.61144401518739,2.045208312509089
monotonic_pm10%,0.9 0.966667 1.03333 1.1,0.1,-0.25 -0.08333333 0.08333333 0.25,0.5000000000000001,-0.1 -0.08333333 0.08333333 0.1,0.2,1.0000452011173184,10.63318 9.968827 9.970838 9.427151,2.008938547486025,1.2060335195531504,39.96662958842747,76.97954548657528,36.03955487828825,1.9260955021552548
monotonic_pm10%,0.9 0.966667 1.03333 1.1,0.2,-0.25 -0.08333333 0.08333333 0.25,0.5000000000000001,-0.2 -0.08333333 0.08333333 0.2,0.4,1.0000150670391061,10.21106 9.989609 9.990279 9.80905,2.008938547486025,0.40201117318422597,79.98887652948366,158.8882277605359,61.74269072725688,1.9863790398652514
monotonic_pm10%,0.9 0.966667 1.03333 1.1,0.3,-0.25 -0.08333333 0.08333333 0.25,0.5000000000000001,-0.25 -0.08333333 0.08333333 0.25,0.5000000000000001,0.9999999999999998,10 10 10 10,2.008938547486025,1.687538997430238e-13,99.9999999999916,203.303639708063,77.56100260226013,2.0330363970808008
monotonic_pm10%,0.9 0.966667 1.03333 1.1,0.5,-0.25 -0.08333333 0.08333333 0.25,0.5000000000000001,-0.25 -0.08333333 0.08333333 0.25,0.5000000000000001,0.9999999999999998,10 10 10 10,2.008938547486025,1.687538997430238e-13,99.9999999999916,203.303639708063,77.56100260226013,2.0330363970808008
monotonic_pm10%,0.9 0.966667 1.03333 1.1,1.0,-0.25 -0.08333333 0.08333333 0.25,0.5000000000000001,-0.25 -0.08333333 0.08333333 0.25,0.5000000000000001,0.9999999999999998,10 10 10 10,2.008938547486025,1.687538997430238e-13,99.9999999999916,203.303639708063,77.56100260226013,2.0330363970808008
alternating_pm10%,0.9 1.1 0.9 1.1,0.0,-0.25 0.25 -0.25 0.25,0.5000000000000001,0 0 0 0,0.0,1.0001499999999999,11 9 11 9,2.0000000000000036,2.0000000000000036,0.0,0.0,0.0,
alternating_pm10%,0.9 1.1 0.9 1.1,0.05,-0.25 0.25 -0.25 0.25,0.5000000000000001,-0.05 0.05 -0.05 0.05,0.1,1.00012,10.8 9.2 10.8 9.2,2.0000000000000036,1.6000000000000458,19.999999999997854,38.837975337879385,19.556060319484928,1.9418987668941776
alternating_pm10%,0.9 1.1 0.9 1.1,0.1,-0.25 0.25 -0.25 0.25,0.5000000000000001,-0.1 0.1 -0.1 0.1,0.2,1.0000900000000001,10.6 9.4 10.6 9.4,2.0000000000000036,1.2000000000000561,39.99999999999731,77.53346384193252,39.063367544388264,1.9383365960484433
alternating_pm10%,0.9 1.1 0.9 1.1,0.2,-0.25 0.25 -0.25 0.25,0.5000000000000001,-0.2 0.2 -0.2 0.2,0.4,1.00003,10.2 9.8 10.2 9.8,2.0000000000000036,0.3999999999998707,80.0000000000065,154.12184087450706,77.82463388597708,1.9265230109311817
alternating_pm10%,0.9 1.1 0.9 1.1,0.3,-0.25 0.25 -0.25 0.25,0.5000000000000001,-0.25 0.25 -0.25 0.25,0.5000000000000001,1.0,10 10 10 10,2.0000000000000036,7.638334409421077e-14,99.99999999999618,191.966693158283,97.0949980952311,1.9196669315829034
alternating_pm10%,0.9 1.1 0.9 1.1,0.5,-0.25 0.25 -0.25 0.25,0.5000000000000001,-0.25 0.25 -0.25 0.25,0.5000000000000001,1.0,10 10 10 10,2.0000000000000036,7.638334409421077e-14,99.99999999999618,191.966693158283,97.0949980952311,1.9196669315829034
alternating_pm10%,0.9 1.1 0.9 1.1,1.0,-0.25 0.25 -0.25 0.25,0.5000000000000001,-0.25 0.25 -0.25 0.25,0.5000000000000001,1.0,10 10 10 10,2.0000000000000036,7.638334409421077e-14,99.99999999999618,191.966693158283,97.0949980952311,1.9196669315829034
one_high_pm10%,1.1 0.966667 0.966667 0.966667,0.0,0.25 -0.08333333 -0.08333333 -0.08333333,0.3333333333333335,0 0 0 0,0.0,1.000046875,9.0625 10.3125 10.3125 10.3125,1.249999999999993,1.249999999999993,0.0,0.0,0.0,
one_high_pm10%,1.1 0.966667 0.966667 0.966667,0.05,0.25 -0.08333333 -0.08333333 -0.08333333,0.3333333333333335,0.075 -0.025 -0.025 -0.025,0.1,1.0000328125,9.34375 10.21875 10.21875 10.21875,1.249999999999993,0.8750000000000444,29.999999999996053,42.91052594775868,18.32579176008906,1.4303508649254775
one_high_pm10%,1.1 0.966667 0.966667 0.966667,0.1,0.25 -0.08333333 -0.08333333 -0.08333333,0.3333333333333335,0.1375 -0.04583333 -0.04583333 -0.04583333,0.18333333333333318,1.00002109375,9.578125 10.14062 10.14062 10.14062,1.249999999999993,0.5624999999999272,55.00000000000558,84.00393946105288,35.978467724490045,1.5273443538371703
one_high_pm10%,1.1 0.966667 0.966667 0.966667,0.2,0.25 -0.08333333 -0.08333333 -0.08333333,0.3333333333333335,0.2125 -0.07083333 -0.07083333 -0.07083333,0.28333333333333316,1.0000070312499998,9.859375 10.04688 10.04688 10.04688,1.249999999999993,0.18749999999999645,85.0000000000002,141.21612591144827,60.750034208526806,1.6613661871935053
one_high_pm10%,1.1 0.966667 0.966667 0.966667,0.3,0.25 -0.08333333 -0.08333333 -0.08333333,0.3333333333333335,0.25 -0.08333333 -0.08333333 -0.08333333,0.3333333333333335,1.0,10 10 10 10,1.249999999999993,3.552713678800501e-15,99.99999999999972,173.62033781835189,74.89130152634094,1.7362033781835238
one_high_pm10%,1.1 0.966667 0.966667 0.966667,0.5,0.25 -0.08333333 -0.08333333 -0.08333333,0.3333333333333335,0.25 -0.08333333 -0.08333333 -0.08333333,0.3333333333333335,1.0,10 10 10 10,1.249999999999993,3.552713678800501e-15,99.99999999999972,173.62033781835189,74.89130152634094,1.7362033781835238
one_high_pm10%,1.1 0.966667 0.966667 0.966667,1.0,0.25 -0.08333333 -0.08333333 -0.08333333,0.3333333333333335,0.25 -0.08333333 -0.08333333 -0.08333333,0.3333333333333335,1.0,10 10 10 10,1.249999999999993,3.552713678800501e-15,99.99999999999972,173.62033781835189,74.89130152634094,1.7362033781835238
one_low_pm10%,0.9 1.03333 1.03333 1.03333,0.0,-0.25 0.08333333 0.08333333 0.08333333,0.3333333333333335,0 0 0 0,0.0,1.0000535714285714,11.07143 9.642857 9.642857 9.642857,1.42857142857142,1.42857142857142,0.0,0.0,0.0,
one_low_pm10%,0.9 1.03333 1.03333 1.03333,0.05,-0.25 0.08333333 0.08333333 0.08333333,0.3333333333333335,-0.075 0.025 0.025 0.025,0.1,1.0000375000000001,10.75 9.75 9.75 9.75,1.42857142857142,1.0000000000000373,29.999999999996962,37.28287969460708,15.848262169043515,1.2427626564870287
one_low_pm10%,0.9 1.03333 1.03333 1.03333,0.1,-0.25 0.08333333 0.08333333 0.08333333,0.3333333333333335,-0.1375 0.04583333 0.04583333 0.04583333,0.18333333333333354,1.000024107142857,10.48214 9.839286 9.839286 9.839286,1.42857142857142,0.6428571428570713,55.00000000000473,64.89209117742104,27.54946845012951,1.1798562032257356
one_low_pm10%,0.9 1.03333 1.03333 1.03333,0.2,-0.25 0.08333333 0.08333333 0.08333333,0.3333333333333335,-0.2125 0.07083333 0.07083333 0.07083333,0.28333333333333355,1.0000080357142855,10.16071 9.946429 9.946429 9.946429,1.42857142857142,0.2142857142857082,85.00000000000034,94.66739272456988,40.144771973603895,1.1137340320537588
one_low_pm10%,0.9 1.03333 1.03333 1.03333,0.3,-0.25 0.08333333 0.08333333 0.08333333,0.3333333333333335,-0.25 0.08333333 0.08333333 0.08333333,0.3333333333333335,1.0,10 10 10 10,1.42857142857142,1.4921397450962104e-13,99.99999999998956,108.39983205968736,45.94826083584104,1.0839983205969868
one_low_pm10%,0.9 1.03333 1.03333 1.03333,0.5,-0.25 0.08333333 0.08333333 0.08333333,0.3333333333333335,-0.25 0.08333333 0.08333333 0.08333333,0.3333333333333335,1.0,10 10 10 10,1.42857142857142,1.4921397450962104e-13,99.99999999998956,108.39983205968736,45.94826083584104,1.0839983205969868
one_low_pm10%,0.9 1.03333 1.03333 1.03333,1.0,-0.25 0.08333333 0.08333333 0.08333333,0.3333333333333335,-0.25 0.08333333 0.08333333 0.08333333,0.3333333333333335,1.0,10 10 10 10,1.42857142857142,1.4921397450962104e-13,99.99999999998956,108.39983205968736,45.94826083584104,1.0839983205969868
monotonic_pm15%,0.85 0.95 1.05 1.15,0.0,-0.375 -0.125 0.125 0.375,0.7499999999999997,0 0 0 0,0.0,1.000189018987342,11.61646 10.39367 9.403797 8.586076,3.0303797468353935,3.0303797468353935,0.0,0.0,0.0,
monotonic_pm15%,0.85 0.95 1.05 1.15,0.05,-0.375 -0.125 0.125 0.375,0.7499999999999997,-0.05 -0.05 0.05 0.05,0.1,1.0001588670886077,11.40481 10.2043 9.613418 8.777468,3.0303797468353935,2.6273417721519046,13.29991645780958,40.85866662142319,19.61144401518739,3.072099494086024
monotonic_pm15%,0.85 0.95 1.05 1.15,0.1,-0.375 -0.125 0.125 0.375,0.7499999999999997,-0.1 -0.1 0.1 0.1,0.2,1.0001287151898735,11.19316 10.01494 9.823038 8.968861,3.0303797468353935,2.2243037974684157,26.59983291561917,81.67857963041824,39.181373907320705,3.070642582211761
monotonic_pm15%,0.85 0.95 1.05 1.15,0.2,-0.375 -0.125 0.125 0.375,0.7499999999999997,-0.2 -0.125 0.125 0.2,0.4,1.0000795474683544,10.76114 9.944177 9.949494 9.34519,3.0303797468353935,1.4159493670884764,53.27485380117316,156.3514552881848,65.90844757978147,2.9348077776375203
monotonic_pm15%,0.85 0.95 1.05 1.15,0.3,-0.375 -0.125 0.125 0.375,0.7499999999999997,-0.3 -0.125 0.125 0.3,0.6,1.000034091772152,10.3262 9.976076 9.978354 9.719367,3.0303797468353935,0.606835443037907,79.9749373433603,247.40246818433354,96.84948444864155,3.093499993906197
monotonic_pm15%,0.85 0.95 1.05 1.15,0.5,-0.375 -0.125 0.125 0.375,0.7499999999999997,-0.375 -0.125 0.125 0.375,0.7499999999999997,1.0,10 10 10 10,3.0303797468353935,2.0250467969162855e-13,99.99999999999332,326.1299437392228,127.16116473153913,3.261299437392446
monotonic_pm15%,0.85 0.95 1.05 1.15,1.0,-0.375 -0.125 0.125 0.375,0.7499999999999997,-0.375 -0.125 0.125 0.375,0.7499999999999997,1.0,10 10 10 10,3.0303797468353935,2.0250467969162855e-13,99.99999999999332,326.1299437392228,127.16116473153913,3.261299437392446
alternating_pm15%,0.85 1.15 0.85 1.15,0.0,-0.375 0.375 -0.375 0.375,0.7499999999999997,0 0 0 0,0.0,1.0003375,11.5 8.5 11.5 8.5,2.999999999999959,2.999999999999959,0.0,0.0,0.0,
alternating_pm15%,0.85 1.15 0.85 1.15,0.05,-0.375 0.375 -0.375 0.375,0.7499999999999997,-0.05 0.05 -0.05 0.05,0.1,1.0002925,11.3 8.7 11.3 8.7,2.999999999999959,2.600000000000019,13.33333333333151,38.837975337879385,19.556060319484928,2.912848150341352
alternating_pm15%,0.85 1.15 0.85 1.15,0.1,-0.375 0.375 -0.375 0.375,0.7499999999999997,-0.1 0.1 -0.1 0.1,0.2,1.0002474999999997,11.1 8.9 11.1 8.9,2.999999999999959,2.2000000000001236,26.66666666666154,77.53346384193252,39.063367544388264,2.9075048940730284
alternating_pm15%,0.85 1.15 0.85 1.15,0.2,-0.375 0.375 -0.375 0.375,0.7499999999999997,-0.2 0.2 -0.2 0.2,0.4,1.0001574999999998,10.7 9.3 10.7 9.3,2.999999999999959,1.3999999999998956,53.333333333336185,154.12184087450706,77.82463388597708,2.889784516396853
alternating_pm15%,0.85 1.15 0.85 1.15,0.3,-0.375 0.375 -0.375 0.375,0.7499999999999997,-0.3 0.3 -0.3 0.3,0.6,1.0000675,10.3 9.7 10.3 9.7,2.999999999999959,0.5999999999999233,80.00000000000229,229.57858095166478,116.35471037167704,2.8697322618957277
alternating_pm15%,0.85 1.15 0.85 1.15,0.5,-0.375 0.375 -0.375 0.375,0.7499999999999997,-0.375 0.375 -0.375 0.375,0.7499999999999997,1.0,10 10 10 10,2.999999999999959,1.652011860642233e-13,99.99999999999449,285.8300083632782,145.41095491939527,2.8583000836329395
alternating_pm15%,0.85 1.15 0.85 1.15,1.0,-0.375 0.375 -0.375 0.375,0.7499999999999997,-0.375 0.375 -0.375 0.375,0.7499999999999997,1.0,10 10 10 10,2.999999999999959,1.652011860642233e-13,99.99999999999449,285.8300083632782,145.41095491939527,2.8583000836329395
one_high_pm15%,1.15 0.95 0.95 0.95,0.0,0.375 -0.125 -0.125 -0.125,0.49999999999999983,0 0 0 0,0.0,1.0001022727272728,8.636364 10.45455 10.45455 10.45455,1.8181818181817953,1.8181818181817953,0.0,0.0,0.0,
one_high_pm15%,1.15 0.95 0.95 0.95,0.05,0.375 -0.125 -0.125 -0.125,0.49999999999999983,0.075 -0.025 -0.025 -0.025,0.1,1.0000818181818183,8.909091 10.36364 10.36364 10.36364,1.8181818181817953,1.4545454545454817,19.9999999999975,42.91052594775868,18.32579176008906,2.1455262973882023
one_high_pm15%,1.15 0.95 0.95 0.95,0.1,0.375 -0.125 -0.125 -0.125,0.49999999999999983,0.15 -0.05 -0.05 -0.05,0.2,1.0000613636363636,9.181818 10.27273 10.27273 10.27273,1.8181818181817953,1.0909090909090402,40.00000000000203,92.89742674170282,39.81361517476628,2.3224356685424525
one_high_pm15%,1.15 0.95 0.95 0.95,0.2,0.375 -0.125 -0.125 -0.125,0.49999999999999983,0.24375 -0.08125 -0.08125 -0.08125,0.32499999999999996,1.0000357954545456,9.522727 10.15909 10.15909 10.15909,1.8181818181817953,0.6363636363636722,64.9999999999976,168.02720179138825,72.44442167766113,2.585033873713761
one_high_pm15%,1.15 0.95 0.95 0.95,0.3,0.375 -0.125 -0.125 -0.125,0.49999999999999983,0.31875 -0.10625 -0.10625 -0.10625,0.425,1.000015340909091,9.795455 10.06818 10.06818 10.06818,1.8181818181817953,0.2727272727270744,85.00000000001071,240.65861958497302,104.42344400482732,2.831277877469914
one_high_pm15%,1.15 0.95 0.95 0.95,0.5,0.375 -0.125 -0.125 -0.125,0.49999999999999983,0.375 -0.125 -0.125 -0.125,0.49999999999999983,1.0000000000000002,10 10 10 10,1.8181818181817953,1.758593271006248e-13,99.99999999999034,303.70747250334637,132.5571025457839,3.037074725033757
one_high_pm15%,1.15 0.95 0.95 0.95,1.0,0.375 -0.125 -0.125 -0.125,0.49999999999999983,0.375 -0.125 -0.125 -0.125,0.49999999999999983,1.0000000000000002,10 10 10 10,1.8181818181817953,1.758593271006248e-13,99.99999999999034,303.70747250334637,132.5571025457839,3.037074725033757
one_low_pm15%,0.85 1.05 1.05 1.05,0.0,-0.375 0.125 0.125 0.125,0.49999999999999983,0 0 0 0,0.0,1.000125,11.66667 9.444444 9.444444 9.444444,2.222222222222216,2.222222222222216,0.0,0.0,0.0,
one_low_pm15%,0.85 1.05 1.05 1.05,0.05,-0.375 0.125 0.125 0.125,0.49999999999999983,-0.075 0.025 0.025 0.025,0.1,1.0001,11.33333 9.555556 9.555556 9.555556,2.222222222222216,1.77777777777783,19.99999999999743,37.28287969460708,15.848262169043515,1.8641439847305936
one_low_pm15%,0.85 1.05 1.05 1.05,0.1,-0.375 0.125 0.125 0.125,0.49999999999999983,-0.15 0.05 0.05 0.05,0.2,1.0000749999999998,11 9.666667 9.666667 9.666667,2.222222222222216,1.3333333333334423,39.99999999999493,70.09014822057718,29.749829076310107,1.7522537055146516
one_low_pm15%,0.85 1.05 1.05 1.05,0.2,-0.375 0.125 0.125 0.125,0.49999999999999983,-0.24375 0.08125 0.08125 0.08125,0.32499999999999996,1.00004375,10.58333 9.805556 9.805556 9.805556,2.222222222222216,0.777777777777855,64.99999999999643,106.15926850410779,45.001530034098074,1.6332195154479017
one_low_pm15%,0.85 1.05 1.05 1.05,0.3,-0.375 0.125 0.125 0.125,0.49999999999999983,-0.31875 0.10625 0.10625 0.10625,0.425,1.00001875,10.25 9.916667 9.916667 9.916667,2.222222222222216,0.33333333333329307,85.00000000000178,131.8949587351682,55.87408656576396,1.551705396884299
one_low_pm15%,0.85 1.05 1.05 1.05,0.5,-0.375 0.125 0.125 0.125,0.49999999999999983,-0.375 0.125 0.125 0.125,0.49999999999999983,0.9999999999999998,10 10 10 10,2.222222222222216,1.0658141036401503e-13,99.9999999999952,149.72756057080537,63.40835248598623,1.4972756057081256
one_low_pm15%,0.85 1.05 1.05 1.05,1.0,-0.375 0.125 0.125 0.125,0.49999999999999983,-0.375 0.125 0.125 0.125,0.49999999999999983,0.9999999999999998,10 10 10 10,2.222222222222216,1.0658141036401503e-13,99.9999999999952,149.72756057080537,63.40835248598623,1.4972756057081256
monotonic_pm20%,0.8 0.933333 1.06667 1.2,0.0,-0.5 -0.1666667 0.1666667 0.5,0.9999999999999997,0 0 0 0,0.0,1.0003381818181818,12.21818 10.47273 9.163636 8.145455,4.072727272727251,4.072727272727251,0.0,0.0,0.0,
monotonic_pm20%,0.8 0.933333 1.06667 1.2,0.05,-0.5 -0.1666667 0.1666667 0.5,0.9999999999999997,-0.05 -0.05 0.05 0.05,0.1,1.000297818181818,12.00182 10.28727 9.376364 8.334545,4.072727272727251,3.667272727272776,9.955357142855469,40.85866662142319,19.61144401518739,4.104188934170553
monotonic_pm20%,0.8 0.933333 1.06667 1.2,0.1,-0.5 -0.1666667 0.1666667 0.5,0.9999999999999997,-0.1 -0.1 0.1 0.1,0.2,1.0002574545454546,11.78545 10.10182 9.589091 8.523636,4.072727272727251,3.261818181818242,19.910714285712373,81.67857963041824,39.181373907320705,4.1022425643980815
monotonic_pm20%,0.8 0.933333 1.06667 1.2,0.2,-0.5 -0.1666667 0.1666667 0.5,0.9999999999999997,-0.2 -0.1666667 0.1666667 0.2,0.4,1.0001832727272728,11.34727 9.869091 9.885455 8.898182,4.072727272727251,2.4490909090907333,39.866071428575424,152.98935865843848,71.91721224606039,3.8375830167398415
monotonic_pm20%,0.8 0.933333 1.06667 1.2,0.3,-0.5 -0.1666667 0.1666667 0.5,0.9999999999999997,-0.3 -0.1666667 0.1666667 0.3,0.6,1.0001221818181818,10.89818 9.912727 9.923636 9.265455,4.072727272727251,1.632727272727216,59.91071428571546,242.61794590534132,99.11715142317918,4.0496587095972725
monotonic_pm20%,0.8 0.933333 1.06667 1.2,0.5,-0.5 -0.1666667 0.1666667 0.5,0.9999999999999997,-0.5 -0.1666667 0.1666667 0.5,0.9999999999999997,0.9999999999999998,10 10 10 10,4.072727272727251,1.8474111129762605e-13,99.99999999999545,478.4473789168694,192.9959108876474,4.784473789168912
monotonic_pm20%,0.8 0.933333 1.06667 1.2,1.0,-0.5 -0.1666667 0.1666667 0.5,0.9999999999999997,-0.5 -0.1666667 0.1666667 0.5,0.9999999999999997,0.9999999999999998,10 10 10 10,4.072727272727251,1.8474111129762605e-13,99.99999999999545,478.4473789168694,192.9959108876474,4.784473789168912
alternating_pm20%,0.8 1.2 0.8 1.2,0.0,-0.5 0.5 -0.5 0.5,0.9999999999999997,0 0 0 0,0.0,1.0006000000000002,12 8 12 8,3.999999999999927,3.999999999999927,0.0,0.0,0.0,
alternating_pm20%,0.8 1.2 0.8 1.2,0.05,-0.5 0.5 -0.5 0.5,0.9999999999999997,-0.05 0.05 -0.05 0.05,0.1,1.00054,11.8 8.2 11.8 8.2,3.999999999999927,3.6000000000000227,9.999999999997788,38.837975337879385,19.556060319484928,3.8837975337887976
alternating_pm20%,0.8 1.2 0.8 1.2,0.1,-0.5 0.5 -0.5 0.5,0.9999999999999997,-0.1 0.1 -0.1 0.1,0.2,1.0004800000000003,11.6 8.4 11.6 8.4,3.999999999999927,3.199999999999992,19.999999999998742,77.53346384193252,39.063367544388264,3.87667319209687
alternating_pm20%,0.8 1.2 0.8 1.2,0.2,-0.5 0.5 -0.5 0.5,0.9999999999999997,-0.2 0.2 -0.2 0.2,0.4,1.0003600000000001,11.2 8.8 11.2 8.8,3.999999999999927,2.3999999999998085,40.0000000000037,154.12184087450706,77.82463388597708,3.85304602186232
alternating_pm20%,0.8 1.2 0.8 1.2,0.3,-0.5 0.5 -0.5 0.5,0.9999999999999997,-0.3 0.3 -0.3 0.3,0.6,1.00024,10.8 9.2 10.8 9.2,3.999999999999927,1.599999999999934,60.00000000000092,229.57858095166478,116.35471037167704,3.826309682527688
alternating_pm20%,0.8 1.2 0.8 1.2,0.5,-0.5 0.5 -0.5 0.5,0.9999999999999997,-0.5 0.5 -0.5 0.5,0.9999999999999997,1.0,10 10 10 10,3.999999999999927,1.7763568394002505e-15,99.99999999999996,380.62958197551484,195.24195583918402,3.80629581975515
alternating_pm20%,0.8 1.2 0.8 1.2,1.0,-0.5 0.5 -0.5 0.5,0.9999999999999997,-0.5 0.5 -0.5 0.5,0.9999999999999997,1.0,10 10 10 10,3.999999999999927,1.7763568394002505e-15,99.99999999999996,380.62958197551484,195.24195583918402,3.80629581975515
one_high_pm20%,1.2 0.933333 0.933333 0.933333,0.0,0.5 -0.1666667 -0.1666667 -0.1666667,0.6666666666666665,0 0 0 0,0.0,1.000176470588235,8.235294 10.58824 10.58824 10.58824,2.352941176470619,2.352941176470619,0.0,0.0,0.0,
one_high_pm20%,1.2 0.933333 0.933333 0.933333,0.05,0.5 -0.1666667 -0.1666667 -0.1666667,0.6666666666666665,0.075 -0.025 -0.025 -0.025,0.1,1.0001499999999999,8.5 10.5 10.5 10.5,2.352941176470619,2.0000000000000604,14.999999999998547,42.91052594775868,18.32579176008906,2.8607017298508555
one_high_pm20%,1.2 0.933333 0.933333 0.933333,0.1,0.5 -0.1666667 -0.1666667 -0.1666667,0.6666666666666665,0.15 -0.05 -0.05 -0.05,0.2,1.0001235294117645,8.764706 10.41176 10.41176 10.41176,2.352941176470619,1.647058823529381,30.000000000002224,92.89742674170282,39.81361517476628,3.0965808913898645
one_high_pm20%,1.2 0.933333 0.933333 0.933333,0.2,0.5 -0.1666667 -0.1666667 -0.1666667,0.6666666666666665,0.275 -0.09166667 -0.09166667 -0.09166667,0.36666666666666675,1.0000794117647058,9.205882 10.26471 10.26471 10.26471,2.352941176470619,1.058823529411919,54.99999999999403,196.8017086416458,85.06017713752838,3.5782128843939485
one_high_pm20%,1.2 0.933333 0.933333 0.933333,0.3,0.5 -0.1666667 -0.1666667 -0.1666667,0.6666666666666665,0.35 -0.1166667 -0.1166667 -0.1166667,0.46666666666666673,1.0000529411764705,9.470588 10.17647 10.17647 10.17647,2.352941176470619,0.7058823529412379,69.99999999999777,274.72111458039103,119.57853755206386,3.9245873511485683
one_high_pm20%,1.2 0.933333 0.933333 0.933333,0.5,0.5 -0.1666667 -0.1666667 -0.1666667,0.6666666666666665,0.5 -0.1666667 -0.1666667 -0.1666667,0.6666666666666665,0.9999999999999997,10 10 10 10,2.352941176470619,1.0480505352461478e-13,99.99999999999555,473.6724812861506,210.22236577535287,4.736724812861717
one_high_pm20%,1.2 0.933333 0.933333 0.933333,1.0,0.5 -0.1666667 -0.1666667 -0.1666667,0.6666666666666665,0.5 -0.1666667 -0.1666667 -0.1666667,0.6666666666666665,0.9999999999999997,10 10 10 10,2.352941176470619,1.0480505352461478e-13,99.99999999999555,473.6724812861506,210.22236577535287,4.736724812861717
one_low_pm20%,0.8 1.06667 1.06667 1.06667,0.0,-0.5 0.1666667 0.1666667 0.1666667,0.6666666666666665,0 0 0 0,0.0,1.0002307692307693,12.30769 9.230769 9.230769 9.230769,3.07692307692305,3.07692307692305,0.0,0.0,0.0,
one_low_pm20%,0.8 1.06667 1.06667 1.06667,0.05,-0.5 0.1666667 0.1666667 0.1666667,0.6666666666666665,-0.075 0.025 0.025 0.025,0.1,1.000196153846154,11.96154 9.346154 9.346154 9.346154,3.07692307692305,2.6153846153846576,14.999999999997883,37.28287969460708,15.848262169043515,2.4855253129741564
one_low_pm20%,0.8 1.06667 1.06667 1.06667,0.1,-0.5 0.1666667 0.1666667 0.1666667,0.6666666666666665,-0.15 0.05 0.05 0.05,0.2,1.0001615384615385,11.61538 9.461538 9.461538 9.461538,3.07692307692305,2.153846153846219,29.99999999999727,70.09014822057718,29.749829076310107,2.3363382740194516
one_low_pm20%,0.8 1.06667 1.06667 1.06667,0.2,-0.5 0.1666667 0.1666667 0.1666667,0.6666666666666665,-0.275 0.09166667 0.09166667 0.09166667,0.36666666666666675,1.000103846153846,11.03846 9.653846 9.653846 9.653846,3.07692307692305,1.38461538461541,54.999999999998785,117.18052044546606,49.658049119385076,2.130554917190339
one_low_pm20%,0.8 1.06667 1.06667 1.06667,0.3,-0.5 0.1666667 0.1666667 0.1666667,0.6666666666666665,-0.35 0.1166667 0.1166667 0.1166667,0.46666666666666673,1.0000692307692307,10.69231 9.769231 9.769231 9.769231,3.07692307692305,0.923076923077156,69.99999999999217,141.9425552805842,60.11887358121831,2.0277507897228584
one_low_pm20%,0.8 1.06667 1.06667 1.06667,0.5,-0.5 0.1666667 0.1666667 0.1666667,0.6666666666666665,-0.5 0.1666667 0.1666667 0.1666667,0.6666666666666665,1.0,10 10 10 10,3.07692307692305,1.7763568394002505e-15,99.99999999999994,185.77955578067062,78.65723339972233,1.8577955578067074
one_low_pm20%,0.8 1.06667 1.06667 1.06667,1.0,-0.5 0.1666667 0.1666667 0.1666667,0.6666666666666665,-0.5 0.1666667 0.1666667 0.1666667,0.6666666666666665,1.0,10 10 10 10,3.07692307692305,1.7763568394002505e-15,99.99999999999994,185.77955578067062,78.65723339972233,1.8577955578067074
monotonic_pm25%,0.75 0.916667 1.08333 1.25,0.0,-0.625 -0.2083333 0.2083333 0.625,1.2499999999999996,0 0 0 0,0.0,1.0005328237410072,12.85971 10.52158 8.902878 7.715827,5.143884892086307,5.143884892086307,0.0,0.0,0.0,
monotonic_pm25%,0.75 0.916667 1.08333 1.25,0.05,-0.625 -0.2083333 0.2083333 0.625,1.2499999999999996,-0.05 -0.05 0.05 0.05,0.1,1.0004821043165466,12.63813 10.34029 9.118705 7.902878,5.143884892086307,4.735251798561218,7.944055944054218,40.85866662142319,19.61144401518739,5.143300463789424
monotonic_pm25%,0.75 0.916667 1.08333 1.25,0.1,-0.625 -0.2083333 0.2083333 0.625,1.2499999999999996,-0.1 -0.1 0.1 0.1,0.2,1.0004313848920863,12.41655 10.15899 9.334532 8.089928,5.143884892086307,4.326618705036049,15.88811188810999,81.67857963041824,39.181373907320705,5.140861305964439
monotonic_pm25%,0.75 0.916667 1.08333 1.25,0.2,-0.625 -0.2083333 0.2083333 0.625,1.2499999999999996,-0.2 -0.2 0.2 0.2,0.4,1.0003299460431654,11.97338 9.796403 9.766187 8.464029,5.143884892086307,3.5093525179854765,31.776223776226086,163.23855045577577,78.11823017747038,5.137128678515457
monotonic_pm25%,0.75 0.916667 1.08333 1.25,0.3,-0.625 -0.2083333 0.2083333 0.625,1.2499999999999996,-0.3 -0.2083333 0.2083333 0.3,0.6,1.0002507643884893,11.51043 9.817626 9.845683 8.826259,5.143884892086307,2.6841726618704165,47.81818181818327,236.63497347290294,102.65711137319387,4.948640129661318
monotonic_pm25%,0.75 0.916667 1.08333 1.25,0.5,-0.625 -0.2083333 0.2083333 0.625,1.2499999999999996,-0.5 -0.2083333 0.2083333 0.5,1.0,1.0000964478417265,10.58094 9.929856 9.940647 9.548561,5.143884892086307,1.032374100719478,79.9300699300688,470.0196936083431,190.64701251500287,5.880386367978479
monotonic_pm25%,0.75 0.916667 1.08333 1.25,1.0,-0.625 -0.2083333 0.2083333 0.625,1.2499999999999996,-0.625 -0.2083333 0.2083333 0.625,1.2499999999999996,1.0,10 10 10 10,5.143884892086307,7.638334409421077e-14,99.99999999999851,673.7715693545363,284.09567718048305,6.737715693545463
alternating_pm25%,0.75 1.25 0.75 1.25,0.0,-0.625 0.625 -0.625 0.625,1.2499999999999996,0 0 0 0,0.0,1.0009375,12.5 7.5 12.5 7.5,4.999999999999952,4.999999999999952,0.0,0.0,0.0,
alternating_pm25%,0.75 1.25 0.75 1.25,0.05,-0.625 0.625 -0.625 0.625,1.2499999999999996,-0.05 0.05 -0.05 0.05,0.1,1.0008624999999998,12.3 7.7 12.3 7.7,4.999999999999952,4.600000000000093,7.999999999997264,38.837975337879385,19.556060319484928,4.854746917236583
alternating_pm25%,0.75 1.25 0.75 1.25,0.1,-0.625 0.625 -0.625 0.625,1.2499999999999996,-0.1 0.1 -0.1 0.1,0.2,1.0007875000000002,12.1 7.9 12.1 7.9,4.999999999999952,4.199999999999999,15.999999999999204,77.53346384193252,39.063367544388264,4.845841490121023
alternating_pm25%,0.75 1.25 0.75 1.25,0.2,-0.625 0.625 -0.625 0.625,1.2499999999999996,-0.2 0.2 -0.2 0.2,0.4,1.0006375,11.7 8.3 11.7 8.3,4.999999999999952,3.3999999999998103,32.00000000000314,154.12184087450706,77.82463388597708,4.816307527327873
alternating_pm25%,0.75 1.25 0.75 1.25,0.3,-0.625 0.625 -0.625 0.625,1.2499999999999996,-0.3 0.3 -0.3 0.3,0.6,1.0004875,11.3 8.7 11.3 8.7,4.999999999999952,2.5999999999999392,48.00000000000072,229.57858095166478,116.35471037167704,4.782887103159611
alternating_pm25%,0.75 1.25 0.75 1.25,0.5,-0.625 0.625 -0.625 0.625,1.2499999999999996,-0.5 0.5 -0.5 0.5,1.0,1.0001875,10.5 9.5 10.5 9.5,4.999999999999952,0.9999999999999964,79.99999999999989,380.62958197551484,195.24195583918402,4.757869774693942
alternating_pm25%,0.75 1.25 0.75 1.25,1.0,-0.625 0.625 -0.625 0.625,1.2499999999999996,-0.625 0.625 -0.625 0.625,1.2499999999999996,1.0,10 10 10 10,4.999999999999952,7.638334409421077e-14,99.99999999999847,479.7310580394108,248.70028181928782,4.797310580394182
one_high_pm25%,1.25 0.916667 0.916667 0.916667,0.0,0.625 -0.2083333 -0.2083333 -0.2083333,0.8333333333333334,0 0 0 0,0.0,1.0002678571428572,7.857143 10.71429 10.71429 10.71429,2.8571428571428372,2.8571428571428372,0.0,0.0,0.0,
one_high_pm25%,1.25 0.916667 0.916667 0.916667,0.05,0.625 -0.2083333 -0.2083333 -0.2083333,0.8333333333333334,0.075 -0.025 -0.025 -0.025,0.1,1.0002357142857143,8.114286 10.62857 10.62857 10.62857,2.8571428571428372,2.5142857142857444,11.999999999998334,42.91052594775868,18.32579176008906,3.5758771623137195
one_high_pm25%,1.25 0.916667 0.916667 0.916667,0.1,0.625 -0.2083333 -0.2083333 -0.2083333,0.8333333333333334,0.15 -0.05 -0.05 -0.05,0.2,1.0002035714285713,8.371429 10.54286 10.54286 10.54286,2.8571428571428372,2.1714285714285353,24.000000000000732,92.89742674170282,39.81361517476628,3.8707261142374993
one_high_pm25%,1.25 0.916667 0.916667 0.916667,0.2,0.625 -0.2083333 -0.2083333 -0.2083333,0.8333333333333334,0.3 -0.1 -0.1 -0.1,0.4,1.0001392857142857,8.885714 10.37143 10.37143 10.37143,2.8571428571428372,1.4857142857143089,47.999999999998835,221.33233827438266,95.87025052438831,4.611090380716417
one_high_pm25%,1.25 0.916667 0.916667 0.916667,0.3,0.625 -0.2083333 -0.2083333 -0.2083333,0.8333333333333334,0.38125 -0.1270833 -0.1270833 -0.1270833,0.5083333333333335,1.0001044642857142,9.164286 10.27857 10.27857 10.27857,2.8571428571428372,1.114285714285712,60.99999999999981,311.20266743369405,135.9254665514723,5.101683072683525
one_high_pm25%,1.25 0.916667 0.916667 0.916667,0.5,0.625 -0.2083333 -0.2083333 -0.2083333,0.8333333333333334,0.53125 -0.1770833 -0.1770833 -0.1770833,0.7083333333333336,1.0000401785714286,9.678571 10.10714 10.10714 10.10714,2.8571428571428372,0.42857142857136843,85.000000000002,523.142374493545,233.34277331642826,6.15461617051215
one_high_pm25%,1.25 0.916667 0.916667 0.916667,1.0,0.625 -0.2083333 -0.2083333 -0.2083333,0.8333333333333334,0.625 -0.2083333 -0.2083333 -0.2083333,0.8333333333333334,0.9999999999999998,10 10 10 10,2.8571428571428372,8.526512829121202e-14,99.99999999999702,690.5053959409634,313.37866980230706,6.905053959409839
one_low_pm25%,0.75 1.08333 1.08333 1.08333,0.0,-0.625 0.2083333 0.2083333 0.2083333,0.8333333333333329,0 0 0 0,0.0,1.000375,13 9 9 9,3.999999999999968,3.999999999999968,0.0,0.0,0.0,
one_low_pm25%,0.75 1.08333 1.08333 1.08333,0.05,-0.625 0.2083333 0.2083333 0.2083333,0.8333333333333329,-0.075 0.025 0.025 0.025,0.1,1.00033,12.64 9.12 9.12 9.12,3.999999999999968,3.5200000000000724,11.99999999999749,37.28287969460708,15.848262169043515,3.1069066412179067
one_low_pm25%,0.75 1.08333 1.08333 1.08333,0.1,-0.625 0.2083333 0.2083333 0.2083333,0.8333333333333329,-0.15 0.05 0.05 0.05,0.2,1.000285,12.28 9.24 9.24 9.24,3.999999999999968,3.040000000000056,23.99999999999799,70.09014822057718,29.749829076310107,2.9204228425242937
one_low_pm25%,0.75 1.08333 1.08333 1.08333,0.2,-0.625 0.2083333 0.2083333 0.2083333,0.8333333333333329,-0.3 0.1 0.1 0.1,0.4,1.000195,11.56 9.48 9.48 9.48,3.999999999999968,2.080000000000007,47.99999999999941,125.6856512527957,53.2510273794167,2.618451067766609
one_low_pm25%,0.75 1.08333 1.08333 1.08333,0.3,-0.625 0.2083333 0.2083333 0.2083333,0.8333333333333329,-0.38125 0.1270833 0.1270833 0.1270833,0.5083333333333331,1.00014625,11.17 9.61 9.61 9.61,3.999999999999968,1.5599999999999703,61.00000000000043,151.6406250275435,64.21681184455592,2.485911885697417
one_low_pm25%,0.75 1.08333 1.08333 1.08333,0.5,-0.625 0.2083333 0.2083333 0.2083333,0.8333333333333329,-0.53125 0.1770833 0.1770833 0.1770833,0.7083333333333331,1.00005625,10.45 9.85 9.85 9.85,3.999999999999968,0.6000000000000583,84.99999999999842,194.1560253387668,82.20609809992672,2.2841885333972987
one_low_pm25%,0.75 1.08333 1.08333 1.08333,1.0,-0.625 0.2083333 0.2083333 0.2083333,0.8333333333333329,-0.625 0.2083333 0.2083333 0.2083333,0.8333333333333329,1.0000000000000002,10 10 10 10,3.999999999999968,1.7763568394002505e-15,99.99999999999996,218.06207819106453,92.35317621616683,2.1806207819106462
